{"stats":{"minecraft:picked_up":{"minecraft:crafting_table":2,"minecraft:leather":17,"minecraft:oak_log":12,"minecraft:golden_boots":1,"minecraft:bone":2,"minecraft:wheat_seeds":1,"minecraft:beef":39,"minecraft:sugar_cane":15,"minecraft:furnace":1,"minecraft:raw_iron":2,"minecraft:sandstone":2,"minecraft:sweet_berries":3,"minecraft:gravel":1,"minecraft:porkchop":20,"minecraft:sand":7,"travelersbackpack:white_sleeping_bag":3,"minecraft:arrow":1,"minecraft:oak_sapling":1,"minecraft:mutton":30,"minecraft:coal":65,"minecraft:white_wool":20,"minecraft:cobblestone":18},"minecraft:broken":{"minecraft:wooden_sword":1},"minecraft:killed":{"minecraft:pig":3,"minecraft:sheep":20,"minecraft:skeleton":1,"minecraft:cow":18},"minecraft:mined":{"minecraft:crafting_table":2,"minecraft:tall_grass":1,"travelersbackpack:white_sleeping_bag":3,"minecraft:spruce_leaves":2,"minecraft:sugar_cane":6,"minecraft:sandstone":2,"minecraft:furnace":1,"minecraft:iron_ore":2,"minecraft:grass":13,"minecraft:coal_ore":48,"minecraft:oak_log":12,"minecraft:gravel":1,"minecraft:sand":7,"minecraft:stone":18,"minecraft:oak_leaves":2},"minecraft:custom":{"minecraft:interact_with_furnace":35,"minecraft:mob_kills":42,"minecraft:interact_with_crafting_table":17,"minecraft:leave_game":2,"minecraft:time_since_death":46054,"minecraft:sleep_in_bed":4,"minecraft:time_since_rest":4448,"minecraft:sprint_one_cm":191138,"minecraft:damage_taken":843,"minecraft:walk_one_cm":115477,"minecraft:damage_dealt":4033,"minecraft:swim_one_cm":17761,"minecraft:talked_to_villager":2,"minecraft:fly_one_cm":321966,"minecraft:player_kills":1,"minecraft:open_chest":3,"minecraft:crouch_one_cm":6283,"minecraft:play_time":46054,"tombstone:undead_killed":1,"minecraft:sneak_time":3511,"minecraft:walk_under_water_one_cm":5190,"minecraft:jump":1580,"minecraft:walk_on_water_one_cm":8433,"minecraft:total_world_time":46054,"minecraft:fall_one_cm":40974},"minecraft:crafted":{"minecraft:cooked_beef":16,"minecraft:wooden_sword":1,"minecraft:oak_planks":48,"minecraft:cooked_porkchop":2,"minecraft:crafting_table":1,"minecraft:spruce_planks":20,"minecraft:wooden_pickaxe":1,"minecraft:furnace":1,"minecraft:stone_axe":1,"minecraft:cooked_mutton":25,"minecraft:air":0,"travelersbackpack:white_sleeping_bag":1,"minecraft:stick":12,"minecraft:stone_pickaxe":1,"minecraft:stone_sword":1,"minecraft:white_bed":1,"minecraft:torch":4},"minecraft:used":{"minecraft:cooked_mutton":7,"minecraft:stone_sword":70,"minecraft:stone_pickaxe":69,"minecraft:spruce_planks":20,"minecraft:wooden_pickaxe":5,"minecraft:sandstone":2,"minecraft:torch":4,"minecraft:sand":7,"minecraft:crafting_table":2,"minecraft:white_bed":1,"minecraft:bread":3,"travelersbackpack:white_sleeping_bag":3,"minecraft:gravel":1,"minecraft:stone_axe":1,"minecraft:wooden_sword":69,"minecraft:beef":5,"minecraft:oak_sapling":1,"minecraft:furnace":1,"minecraft:cooked_porkchop":2,"minecraft:cooked_beef":5}},"DataVersion":3465}