{"stats":{"minecraft:broken":{"minecraft:wooden_sword":1},"minecraft:killed":{"minecraft:pig":3,"minecraft:sheep":20,"minecraft:skeleton":1,"minecraft:cow":18},"minecraft:used":{"minecraft:cooked_mutton":7,"minecraft:stone_sword":70,"minecraft:stone_pickaxe":42,"minecraft:wooden_pickaxe":5,"minecraft:sandstone":2,"minecraft:torch":4,"minecraft:sand":7,"minecraft:crafting_table":2,"minecraft:white_bed":1,"travelersbackpack:white_sleeping_bag":2,"minecraft:gravel":1,"minecraft:stone_axe":1,"minecraft:wooden_sword":69,"minecraft:beef":5,"minecraft:furnace":1,"minecraft:oak_sapling":1,"minecraft:cooked_porkchop":2,"minecraft:cooked_beef":5},"minecraft:picked_up":{"minecraft:crafting_table":2,"minecraft:leather":17,"minecraft:oak_log":12,"minecraft:golden_boots":1,"minecraft:bone":2,"minecraft:wheat_seeds":1,"minecraft:beef":39,"minecraft:sugar_cane":3,"minecraft:furnace":1,"minecraft:raw_iron":2,"minecraft:sandstone":2,"minecraft:gravel":1,"minecraft:porkchop":20,"minecraft:sand":7,"travelersbackpack:white_sleeping_bag":2,"minecraft:arrow":1,"minecraft:oak_sapling":1,"minecraft:mutton":30,"minecraft:coal":40,"minecraft:white_wool":20,"minecraft:cobblestone":16},"minecraft:custom":{"minecraft:interact_with_furnace":35,"minecraft:mob_kills":42,"minecraft:interact_with_crafting_table":17,"minecraft:leave_game":1,"minecraft:time_since_death":38721,"minecraft:sleep_in_bed":3,"minecraft:time_since_rest":84,"minecraft:sprint_one_cm":160773,"minecraft:damage_taken":692,"minecraft:walk_one_cm":98149,"minecraft:damage_dealt":4033,"minecraft:swim_one_cm":15474,"minecraft:talked_to_villager":2,"minecraft:fly_one_cm":282929,"minecraft:player_kills":1,"minecraft:crouch_one_cm":5348,"minecraft:play_time":38721,"tombstone:undead_killed":1,"minecraft:sneak_time":2305,"minecraft:walk_under_water_one_cm":4685,"minecraft:jump":1327,"minecraft:walk_on_water_one_cm":7360,"minecraft:total_world_time":38721,"minecraft:fall_one_cm":35822},"minecraft:mined":{"minecraft:crafting_table":2,"travelersbackpack:white_sleeping_bag":2,"minecraft:tall_grass":1,"minecraft:sugar_cane":1,"minecraft:sandstone":2,"minecraft:furnace":1,"minecraft:iron_ore":2,"minecraft:grass":13,"minecraft:coal_ore":23,"minecraft:oak_log":12,"minecraft:gravel":1,"minecraft:sand":7,"minecraft:stone":16,"minecraft:oak_leaves":2},"minecraft:crafted":{"minecraft:cooked_beef":16,"minecraft:wooden_sword":1,"minecraft:oak_planks":48,"minecraft:cooked_porkchop":2,"minecraft:crafting_table":1,"minecraft:wooden_pickaxe":1,"minecraft:furnace":1,"minecraft:stone_axe":1,"minecraft:cooked_mutton":25,"minecraft:air":0,"travelersbackpack:white_sleeping_bag":1,"minecraft:stick":12,"minecraft:stone_pickaxe":1,"minecraft:stone_sword":1,"minecraft:white_bed":1,"minecraft:torch":4}},"DataVersion":3465}