{"stats":{"minecraft:broken":{"minecraft:wooden_sword":1},"minecraft:killed":{"minecraft:sheep":20,"minecraft:skeleton":1,"minecraft:pig":3,"minecraft:cow":15},"minecraft:used":{"minecraft:cooked_mutton":7,"minecraft:stone_sword":62,"minecraft:stone_pickaxe":36,"travelersbackpack:white_sleeping_bag":2,"minecraft:wooden_pickaxe":5,"minecraft:sandstone":2,"minecraft:gravel":1,"minecraft:stone_axe":1,"minecraft:wooden_sword":69,"minecraft:sand":7,"minecraft:beef":5,"minecraft:crafting_table":2,"minecraft:oak_sapling":1,"minecraft:furnace":1,"minecraft:cooked_porkchop":1,"minecraft:white_bed":1},"minecraft:picked_up":{"minecraft:sandstone":2,"minecraft:crafting_table":2,"minecraft:leather":14,"minecraft:gravel":1,"minecraft:porkchop":20,"minecraft:sand":7,"minecraft:oak_log":12,"minecraft:golden_boots":1,"travelersbackpack:white_sleeping_bag":2,"minecraft:bone":2,"minecraft:arrow":1,"minecraft:wheat_seeds":1,"minecraft:beef":35,"minecraft:oak_sapling":1,"minecraft:sugar_cane":3,"minecraft:mutton":30,"minecraft:coal":37,"minecraft:white_wool":20,"minecraft:cobblestone":16,"minecraft:furnace":1},"minecraft:custom":{"minecraft:time_since_rest":3613,"minecraft:interact_with_furnace":35,"minecraft:sprint_one_cm":68324,"minecraft:damage_taken":437,"minecraft:walk_one_cm":70756,"minecraft:mob_kills":39,"minecraft:damage_dealt":3703,"minecraft:swim_one_cm":4227,"minecraft:interact_with_crafting_table":17,"minecraft:fly_one_cm":116016,"minecraft:player_kills":1,"minecraft:crouch_one_cm":5155,"minecraft:play_time":24487,"tombstone:undead_killed":1,"minecraft:sneak_time":1963,"minecraft:walk_under_water_one_cm":1836,"minecraft:jump":655,"minecraft:time_since_death":24487,"minecraft:walk_on_water_one_cm":5975,"minecraft:sleep_in_bed":2,"minecraft:total_world_time":24487,"minecraft:fall_one_cm":16098},"minecraft:mined":{"minecraft:furnace":1,"minecraft:crafting_table":2,"minecraft:grass":12,"minecraft:oak_log":12,"minecraft:coal_ore":20,"minecraft:gravel":1,"minecraft:sand":7,"travelersbackpack:white_sleeping_bag":2,"minecraft:stone":16,"minecraft:sandstone":2,"minecraft:sugar_cane":1,"minecraft:oak_leaves":2},"minecraft:crafted":{"minecraft:cooked_beef":16,"minecraft:wooden_sword":1,"minecraft:oak_planks":48,"travelersbackpack:white_sleeping_bag":1,"minecraft:cooked_porkchop":2,"minecraft:crafting_table":1,"minecraft:stick":8,"minecraft:wooden_pickaxe":1,"minecraft:stone_pickaxe":1,"minecraft:stone_sword":1,"minecraft:furnace":1,"minecraft:white_bed":1,"minecraft:stone_axe":1,"minecraft:air":0,"minecraft:cooked_mutton":25}},"DataVersion":3465}