{"stats":{"minecraft:broken":{"minecraft:wooden_sword":1},"minecraft:killed":{"minecraft:sheep":17,"minecraft:skeleton":1,"minecraft:pig":3,"minecraft:cow":4},"minecraft:used":{"minecraft:cooked_mutton":2,"minecraft:stone_pickaxe":35,"travelersbackpack:white_sleeping_bag":1,"minecraft:wooden_pickaxe":5,"minecraft:sandstone":2,"minecraft:gravel":1,"minecraft:wooden_sword":69,"minecraft:sand":7,"minecraft:beef":5,"minecraft:crafting_table":2,"minecraft:furnace":1,"minecraft:white_bed":1},"minecraft:picked_up":{"minecraft:sandstone":2,"minecraft:crafting_table":1,"minecraft:leather":4,"minecraft:gravel":1,"minecraft:porkchop":6,"minecraft:sand":7,"minecraft:oak_log":12,"minecraft:golden_boots":1,"travelersbackpack:white_sleeping_bag":1,"minecraft:bone":2,"minecraft:arrow":1,"minecraft:wheat_seeds":1,"minecraft:beef":9,"minecraft:oak_sapling":1,"minecraft:sugar_cane":3,"minecraft:mutton":25,"minecraft:coal":20,"minecraft:white_wool":17,"minecraft:cobblestone":16},"minecraft:custom":{"minecraft:time_since_rest":4630,"minecraft:interact_with_furnace":8,"minecraft:sprint_one_cm":24922,"minecraft:damage_taken":89,"minecraft:walk_one_cm":33345,"minecraft:mob_kills":25,"minecraft:damage_dealt":2035,"minecraft:swim_one_cm":4227,"minecraft:interact_with_crafting_table":11,"minecraft:fly_one_cm":60666,"minecraft:crouch_one_cm":2547,"minecraft:play_time":12487,"tombstone:undead_killed":1,"minecraft:sneak_time":1430,"minecraft:walk_under_water_one_cm":1756,"minecraft:jump":287,"minecraft:time_since_death":12487,"minecraft:walk_on_water_one_cm":5261,"minecraft:sleep_in_bed":1,"minecraft:total_world_time":12487,"minecraft:fall_one_cm":7005},"minecraft:mined":{"minecraft:crafting_table":1,"minecraft:grass":10,"minecraft:oak_log":12,"minecraft:coal_ore":20,"minecraft:gravel":1,"minecraft:sand":7,"travelersbackpack:white_sleeping_bag":1,"minecraft:stone":16,"minecraft:sandstone":2,"minecraft:sugar_cane":1,"minecraft:oak_leaves":1},"minecraft:crafted":{"minecraft:wooden_sword":1,"minecraft:oak_planks":48,"travelersbackpack:white_sleeping_bag":1,"minecraft:crafting_table":1,"minecraft:stick":8,"minecraft:wooden_pickaxe":1,"minecraft:stone_pickaxe":1,"minecraft:furnace":1,"minecraft:white_bed":1,"minecraft:stone_axe":1,"minecraft:air":0,"minecraft:cooked_mutton":7}},"DataVersion":3465}