{"stats":{"minecraft:used":{"minecraft:crafting_table":2,"minecraft:furnace":1,"minecraft:wooden_pickaxe":14},"minecraft:picked_up":{"minecraft:crafting_table":1,"minecraft:oak_log":5,"minecraft:cobblestone":14},"minecraft:custom":{"minecraft:time_since_rest":5746,"minecraft:crouch_one_cm":737,"minecraft:interact_with_furnace":2,"minecraft:play_time":5746,"minecraft:sprint_one_cm":8616,"minecraft:walk_one_cm":6067,"minecraft:sneak_time":190,"minecraft:jump":90,"minecraft:damage_dealt":10,"minecraft:time_since_death":5746,"minecraft:total_world_time":5746,"minecraft:fall_one_cm":2055,"minecraft:interact_with_crafting_table":5,"minecraft:fly_one_cm":23629},"minecraft:mined":{"minecraft:oak_log":5,"minecraft:stone":14,"minecraft:crafting_table":1},"minecraft:crafted":{"minecraft:furnace":1,"minecraft:oak_planks":20,"minecraft:crafting_table":1,"minecraft:stick":8,"minecraft:wooden_pickaxe":1,"minecraft:stone_pickaxe":1}},"DataVersion":3465}