{"stats":{"minecraft:used":{"minecraft:stone_pickaxe":1,"minecraft:oak_planks":1,"minecraft:wooden_pickaxe":14,"minecraft:stone_axe":22,"minecraft:crafting_table":2,"minecraft:furnace":1,"minecraft:cooked_porkchop":3},"minecraft:killed":{"minecraft:sheep":2,"minecraft:pig":6},"minecraft:dropped":{"minecraft:golden_boots":1},"minecraft:picked_up":{"minecraft:crafting_table":2,"minecraft:porkchop":14,"minecraft:oak_log":11,"minecraft:white_bed":1,"minecraft:mutton":2,"minecraft:oak_planks":6,"minecraft:white_wool":2,"minecraft:cobblestone":14,"minecraft:furnace":1},"minecraft:custom":{"minecraft:time_since_rest":4630,"minecraft:interact_with_furnace":9,"minecraft:sprint_one_cm":32714,"minecraft:damage_taken":212,"minecraft:walk_one_cm":32774,"minecraft:mob_kills":8,"minecraft:drop":1,"minecraft:damage_dealt":794,"minecraft:interact_with_crafting_table":6,"minecraft:swim_one_cm":10491,"minecraft:fly_one_cm":78433,"minecraft:open_chest":2,"minecraft:crouch_one_cm":1324,"minecraft:play_time":17746,"minecraft:sneak_time":305,"minecraft:walk_under_water_one_cm":2057,"minecraft:jump":349,"minecraft:time_since_death":17746,"minecraft:walk_on_water_one_cm":1172,"minecraft:sleep_in_bed":1,"minecraft:total_world_time":17746,"minecraft:fall_one_cm":9126},"minecraft:mined":{"minecraft:white_bed":1,"minecraft:furnace":1,"minecraft:crafting_table":2,"minecraft:grass":1,"minecraft:oak_log":11,"minecraft:stone":14},"minecraft:crafted":{"minecraft:oak_planks":20,"minecraft:cooked_porkchop":4,"minecraft:crafting_table":1,"minecraft:stick":8,"minecraft:wooden_pickaxe":1,"minecraft:iron_ingot":1,"minecraft:stone_pickaxe":1,"minecraft:furnace":1,"minecraft:stone_axe":1,"minecraft:air":0}},"DataVersion":3465}