{"stats":{"minecraft:picked_up":{"minecraft:birch_log":6,"minecraft:crafting_table":2,"minecraft:porkchop":14,"minecraft:oak_log":25,"minecraft:white_bed":3,"minecraft:dirt":1,"minecraft:hay_block":8,"minecraft:mutton":2,"minecraft:oak_planks":6,"minecraft:egg":1,"minecraft:white_wool":2,"minecraft:cobblestone":14,"minecraft:furnace":1},"minecraft:killed_by":{"minecraft:player":1},"minecraft:killed":{"minecraft:sheep":2,"minecraft:pig":6},"minecraft:dropped":{"minecraft:golden_boots":1,"minecraft:porkchop":14,"minecraft:coal":17},"minecraft:mined":{"minecraft:hay_block":8,"minecraft:white_bed":3,"minecraft:furnace":1,"minecraft:birch_log":6,"minecraft:fire":1,"minecraft:birch_leaves":1,"minecraft:crafting_table":2,"minecraft:grass":2,"minecraft:grass_block":1,"minecraft:oak_log":26,"minecraft:stone":14},"minecraft:crafted":{"minecraft:oak_planks":100,"minecraft:cooked_porkchop":4,"minecraft:crafting_table":1,"minecraft:stick":8,"minecraft:wooden_pickaxe":1,"minecraft:iron_ingot":1,"minecraft:stone_pickaxe":1,"minecraft:furnace":1,"minecraft:stone_axe":1,"minecraft:air":0,"minecraft:cooked_mutton":2},"minecraft:custom":{"minecraft:time_since_rest":5442,"minecraft:interact_with_furnace":15,"minecraft:sprint_one_cm":102820,"minecraft:damage_taken":1139,"minecraft:walk_one_cm":210509,"minecraft:mob_kills":8,"minecraft:drop":19,"minecraft:damage_dealt":991,"minecraft:talked_to_villager":1,"minecraft:swim_one_cm":36536,"minecraft:interact_with_crafting_table":6,"minecraft:fly_one_cm":182552,"minecraft:open_chest":4,"minecraft:crouch_one_cm":3409,"minecraft:play_time":49228,"minecraft:deaths":2,"minecraft:sneak_time":758,"minecraft:walk_under_water_one_cm":13756,"minecraft:jump":1139,"minecraft:leave_game":2,"minecraft:time_since_death":7841,"minecraft:walk_on_water_one_cm":6525,"minecraft:sleep_in_bed":2,"minecraft:total_world_time":49228,"minecraft:fall_one_cm":28735},"minecraft:used":{"minecraft:cooked_mutton":2,"minecraft:bread":1,"minecraft:oak_planks":1,"minecraft:stone_pickaxe":5,"minecraft:wooden_pickaxe":14,"minecraft:stone_axe":50,"minecraft:golden_sword":8,"minecraft:fire_charge":1,"minecraft:dirt":1,"minecraft:crafting_table":3,"minecraft:furnace":2,"minecraft:cooked_porkchop":4,"tombstone:gift":2,"minecraft:white_bed":1,"minecraft:egg":1,"minecraft:potato":12}},"DataVersion":3465}