{
  "minecraft:recipes/decorations/crafting_table": {
    "criteria": {
      "unlock_right_away": "2024-07-26 03:27:29 +0000"
    },
    "done": true
  },
  "minecraft:adventure/adventuring_time": {
    "criteria": {
      "minecraft:beach": "2024-07-26 03:27:47 +0000",
      "minecraft:forest": "2024-07-26 03:27:44 +0000",
      "minecraft:plains": "2024-07-26 03:27:30 +0000"
    },
    "done": false
  },
  "tombstone:adventure/root": {
    "criteria": {
      "auto": "2024-07-26 03:27:30 +0000"
    },
    "done": true
  },
  "DataVersion": 3465
}